{
  "ret": 0.4337086813165967,
  "cam_intrinsic": [[342.34044020257693, 0.0, 314.5118577260303], [0.0, 342.9577609580139, 239.73684312070492], [0.0, 0.0, 1.0]], "dist_coeffs": [[-0.3355806512156993, 0.1161260625895823, -0.0018975783774754047, 0.004130015558713016, -0.019651568221209347]],
  "rvecs": 0,
  "tvecs": 0,
  "get_optimal_new_matrix": [[341.80554199, 0.0, 314.02043207], [0.0, 342.24325562, 239.23737888], [0.0, 0.0, 1.0]],
  "fov_x": 1.1590077064024844
}
